Epoch,Loss
0,1177.9981689453125
1,1072.7615966796875
